{
  "폐차장의 진실_ 배은망덕한 자식들의 몰락_장면_01.png": {
    "x": 0.44921875,
    "y": 0.640625,
    "has_face": true
  },
  "폐차장의 진실_ 배은망덕한 자식들의 몰락_장면_02.png": {
    "x": 0.6875,
    "y": 0.2,
    "has_face": true
  },
  "폐차장의 진실_ 배은망덕한 자식들의 몰락_장면_03.png": {
    "x": 0.5,
    "y": 0.35,
    "has_face": false
  },
  "폐차장의 진실_ 배은망덕한 자식들의 몰락_장면_04.png": {
    "x": 0.541015625,
    "y": 0.41183035714285715,
    "has_face": true
  },
  "폐차장의 진실_ 배은망덕한 자식들의 몰락_장면_05.png": {
    "x": 0.73828125,
    "y": 0.5208333333333334,
    "has_face": true
  },
  "폐차장의 진실_ 배은망덕한 자식들의 몰락_장면_06.png": {
    "x": 0.25,
    "y": 0.5840773809523809,
    "has_face": true
  },
  "폐차장의 진실_ 배은망덕한 자식들의 몰락_장면_07.png": {
    "x": 0.37109375,
    "y": 0.7336309523809523,
    "has_face": true
  },
  "폐차장의 진실_ 배은망덕한 자식들의 몰락_장면_08.png": {
    "x": 0.5950520833333334,
    "y": 0.2931547619047619,
    "has_face": true
  },
  "폐차장의 진실_ 배은망덕한 자식들의 몰락_장면_09.png": {
    "x": 0.3743489583333333,
    "y": 0.3552827380952381,
    "has_face": true
  },
  "폐차장의 진실_ 배은망덕한 자식들의 몰락_장면_10.png": {
    "x": 0.6536458333333334,
    "y": 0.30282738095238093,
    "has_face": true
  },
  "폐차장의 진실_ 배은망덕한 자식들의 몰락_장면_11.png": {
    "x": 0.3606770833333333,
    "y": 0.44568452380952384,
    "has_face": true
  },
  "폐차장의 진실_ 배은망덕한 자식들의 몰락_장면_12.png": {
    "x": 0.5377604166666666,
    "y": 0.8,
    "has_face": true
  },
  "폐차장의 진실_ 배은망덕한 자식들의 몰락_장면_13.png": {
    "x": 0.337890625,
    "y": 0.7228422619047619,
    "has_face": true
  },
  "폐차장의 진실_ 배은망덕한 자식들의 몰락_장면_14.png": {
    "x": 0.4368489583333333,
    "y": 0.5338541666666666,
    "has_face": true
  },
  "폐차장의 진실_ 배은망덕한 자식들의 몰락_장면_15.png": {
    "x": 0.4993489583333333,
    "y": 0.35751488095238093,
    "has_face": true
  },
  "폐차장의 진실_ 배은망덕한 자식들의 몰락_장면_16.png": {
    "x": 0.6458333333333334,
    "y": 0.4427083333333333,
    "has_face": true
  },
  "폐차장의 진실_ 배은망덕한 자식들의 몰락_장면_17.png": {
    "x": 0.2623697916666667,
    "y": 0.42819940476190477,
    "has_face": true
  },
  "폐차장의 진실_ 배은망덕한 자식들의 몰락_장면_18.png": {
    "x": 0.5032552083333334,
    "y": 0.4021577380952381,
    "has_face": true
  },
  "폐차장의 진실_ 배은망덕한 자식들의 몰락_장면_19.png": {
    "x": 0.5462239583333334,
    "y": 0.8,
    "has_face": true
  },
  "폐차장의 진실_ 배은망덕한 자식들의 몰락_장면_20.png": {
    "x": 0.7799479166666666,
    "y": 0.7135416666666666,
    "has_face": true
  },
  "폐차장의 진실_ 배은망덕한 자식들의 몰락_장면_21.png": {
    "x": 0.2877604166666667,
    "y": 0.4270833333333333,
    "has_face": true
  },
  "폐차장의 진실_ 배은망덕한 자식들의 몰락_장면_22.png": {
    "x": 0.5,
    "y": 0.35,
    "has_face": false
  },
  "폐차장의 진실_ 배은망덕한 자식들의 몰락_장면_23.png": {
    "x": 0.275390625,
    "y": 0.5643601190476191,
    "has_face": true
  },
  "폐차장의 진실_ 배은망덕한 자식들의 몰락_장면_24.png": {
    "x": 0.5149739583333334,
    "y": 0.32700892857142855,
    "has_face": true
  },
  "폐차장의 진실_ 배은망덕한 자식들의 몰락_장면_25.png": {
    "x": 0.2513020833333333,
    "y": 0.3482142857142857,
    "has_face": true
  },
  "폐차장의 진실_ 배은망덕한 자식들의 몰락_장면_26.png": {
    "x": 0.5416666666666666,
    "y": 0.5677083333333334,
    "has_face": true
  },
  "폐차장의 진실_ 배은망덕한 자식들의 몰락_장면_27.png": {
    "x": 0.5,
    "y": 0.35,
    "has_face": false
  },
  "폐차장의 진실_ 배은망덕한 자식들의 몰락_장면_28.png": {
    "x": 0.5,
    "y": 0.35,
    "has_face": false
  },
  "폐차장의 진실_ 배은망덕한 자식들의 몰락_장면_29.png": {
    "x": 0.6809895833333334,
    "y": 0.8,
    "has_face": true
  },
  "폐차장의 진실_ 배은망덕한 자식들의 몰락_장면_30.png": {
    "x": 0.5924479166666666,
    "y": 0.3125,
    "has_face": true
  },
  "폐차장의 진실_ 배은망덕한 자식들의 몰락_장면_31.png": {
    "x": 0.5,
    "y": 0.35,
    "has_face": false
  },
  "폐차장의 진실_ 배은망덕한 자식들의 몰락_장면_32.png": {
    "x": 0.4915364583333333,
    "y": 0.3991815476190476,
    "has_face": true
  },
  "폐차장의 진실_ 배은망덕한 자식들의 몰락_장면_33.png": {
    "x": 0.5,
    "y": 0.35,
    "has_face": false
  },
  "폐차장의 진실_ 배은망덕한 자식들의 몰락_장면_34.png": {
    "x": 0.46875,
    "y": 0.41369047619047616,
    "has_face": true
  },
  "폐차장의 진실_ 배은망덕한 자식들의 몰락_장면_35.png": {
    "x": 0.8,
    "y": 0.6101190476190477,
    "has_face": true
  },
  "폐차장의 진실_ 배은망덕한 자식들의 몰락_장면_36.png": {
    "x": 0.6373697916666666,
    "y": 0.5889136904761905,
    "has_face": true
  },
  "폐차장의 진실_ 배은망덕한 자식들의 몰락_장면_37.png": {
    "x": 0.4798177083333333,
    "y": 0.5993303571428571,
    "has_face": true
  },
  "폐차장의 진실_ 배은망덕한 자식들의 몰락_장면_38.png": {
    "x": 0.5651041666666666,
    "y": 0.27976190476190477,
    "has_face": true
  },
  "폐차장의 진실_ 배은망덕한 자식들의 몰락_장면_39.png": {
    "x": 0.5045572916666666,
    "y": 0.37016369047619047,
    "has_face": true
  },
  "폐차장의 진실_ 배은망덕한 자식들의 몰락_장면_40.png": {
    "x": 0.4720052083333333,
    "y": 0.3210565476190476,
    "has_face": true
  },
  "폐차장의 진실_ 배은망덕한 자식들의 몰락_장면_41.png": {
    "x": 0.2734375,
    "y": 0.8,
    "has_face": true
  },
  "폐차장의 진실_ 배은망덕한 자식들의 몰락_장면_43.png": {
    "x": 0.8,
    "y": 0.6101190476190477,
    "has_face": true
  },
  "폐차장의 진실_ 배은망덕한 자식들의 몰락_장면_44.png": {
    "x": 0.5286458333333334,
    "y": 0.44419642857142855,
    "has_face": true
  },
  "폐차장의 진실_ 배은망덕한 자식들의 몰락_장면_45.png": {
    "x": 0.52734375,
    "y": 0.34598214285714285,
    "has_face": true
  },
  "폐차장의 진실_ 배은망덕한 자식들의 몰락_장면_46.png": {
    "x": 0.45703125,
    "y": 0.5186011904761905,
    "has_face": true
  },
  "폐차장의 진실_ 배은망덕한 자식들의 몰락_장면_47.png": {
    "x": 0.5345052083333334,
    "y": 0.5494791666666666,
    "has_face": true
  },
  "폐차장의 진실_ 배은망덕한 자식들의 몰락_장면_48.png": {
    "x": 0.6282552083333334,
    "y": 0.3470982142857143,
    "has_face": true
  }
}